Workbook

Sheet Template
A1: Stableford Scoring System
A2: www.GolfLeagueTracker.com
A4: PLAYER | B4: Hole | C4: 1 | D4: 2 | E4: 3 | F4: 4 | G4: 5 | H4: 6 | I4: 7 | J4: 8 | K4: 9 | L4: OUT | M4: Hdcp | N4: NET | O4: Round Points | R4: = in skins
B5: PAR | C5: 4 | D5: 5 | E5: 4 | F5: 3 | G5: 4 | H5: 4 | I5: 3 | J5: 4 | K5: 5 | L5: =SUM(C5:K5) -> 36 | R5: prize per hole
B6: Handicap | C6: 4 | D6: 1 | E6: 3 | F6: 9 | G6: 5 | H6: 7 | I6: 8 | J6: 6 | K6: 2
B7: Hole Score | L7: =IF(SUM(C7:K7)>0, SUM(C7:K7),"") | N7: =IF(L7<>"",L7- M7, "")
B8: Net Points | C8: =IF(C7>0, VLOOKUP(C7-C$5-(INT($M7/9)+(MOD($M7,9)>=C$6)), '[1]Point System'!$A$4:$B$15, 2),"") | D8: =IF(D7>0, VLOOKUP(D7-D$5-(INT($M7/9)+(MOD($M7,9)>=D$6)), '[1]Point System'!$A$4:$B$15, 2),"") | E8: =IF(E7>0, VLOOKUP(E7-E$5-(INT($M7/9)+(MOD($M7,9)>=E$6)), '[1]Point System'!$A$4:$B$15, 2),"") | F8: =IF(F7>0, VLOOKUP(F7-F$5-(INT($M7/9)+(MOD($M7,9)>=F$6)), '[1]Point System'!$A$4:$B$15, 2),"") | G8: =IF(G7>0, VLOOKUP(G7-G$5-(INT($M7/9)+(MOD($M7,9)>=G$6)), '[1]Point System'!$A$4:$B$15, 2),"") | H8: =IF(H7>0, VLOOKUP(H7-H$5-(INT($M7/9)+(MOD($M7,9)>=H$6)), '[1]Point System'!$A$4:$B$15, 2),"") | I8: =IF(I7>0, VLOOKUP(I7-I$5-(INT($M7/9)+(MOD($M7,9)>=I$6)), '[1]Point System'!$A$4:$B$15, 2),"") | J8: =IF(J7>0, VLOOKUP(J7-J$5-(INT($M7/9)+(MOD($M7,9)>=J$6)), '[1]Point System'!$A$4:$B$15, 2),"") | K8: =IF(K7>0, VLOOKUP(K7-K$5-(INT($M7/9)+(MOD($M7,9)>=K$6)), '[1]Point System'!$A$4:$B$15, 2),"") | L8: =IF(SUM(C8:K8)>0, SUM(C8:K8),"") | O8: =IF(L8<>"", L8, "")
L9: =IF(SUM(C9:K9)>0, SUM(C9:K9),"") | N9: =IF(L9<>"",L9- M9, "")
C10: =IF(C9>0, VLOOKUP(C9-C$5-(INT($M9/9)+(MOD($M9,9)>=C$6)), '[1]Point System'!$A$4:$B$15, 2),"") | D10: =IF(D9>0, VLOOKUP(D9-D$5-(INT($M9/9)+(MOD($M9,9)>=D$6)), '[1]Point System'!$A$4:$B$15, 2),"") | E10: =IF(E9>0, VLOOKUP(E9-E$5-(INT($M9/9)+(MOD($M9,9)>=E$6)), '[1]Point System'!$A$4:$B$15, 2),"") | F10: =IF(F9>0, VLOOKUP(F9-F$5-(INT($M9/9)+(MOD($M9,9)>=F$6)), '[1]Point System'!$A$4:$B$15, 2),"") | G10: =IF(G9>0, VLOOKUP(G9-G$5-(INT($M9/9)+(MOD($M9,9)>=G$6)), '[1]Point System'!$A$4:$B$15, 2),"") | H10: =IF(H9>0, VLOOKUP(H9-H$5-(INT($M9/9)+(MOD($M9,9)>=H$6)), '[1]Point System'!$A$4:$B$15, 2),"") | I10: =IF(I9>0, VLOOKUP(I9-I$5-(INT($M9/9)+(MOD($M9,9)>=I$6)), '[1]Point System'!$A$4:$B$15, 2),"") | J10: =IF(J9>0, VLOOKUP(J9-J$5-(INT($M9/9)+(MOD($M9,9)>=J$6)), '[1]Point System'!$A$4:$B$15, 2),"") | K10: =IF(K9>0, VLOOKUP(K9-K$5-(INT($M9/9)+(MOD($M9,9)>=K$6)), '[1]Point System'!$A$4:$B$15, 2),"") | L10: =IF(SUM(C10:K10)>0, SUM(C10:K10),"") | O10: =IF(L10<>"", L10, "")
L11: =IF(SUM(C11:K11)>0, SUM(C11:K11),"") | N11: =IF(L11<>"",L11- M11, "")
C12: =IF(C11>0, VLOOKUP(C11-C$5-(INT($M11/9)+(MOD($M11,9)>=C$6)), '[1]Point System'!$A$4:$B$15, 2),"") | D12: =IF(D11>0, VLOOKUP(D11-D$5-(INT($M11/9)+(MOD($M11,9)>=D$6)), '[1]Point System'!$A$4:$B$15, 2),"") | E12: =IF(E11>0, VLOOKUP(E11-E$5-(INT($M11/9)+(MOD($M11,9)>=E$6)), '[1]Point System'!$A$4:$B$15, 2),"") | F12: =IF(F11>0, VLOOKUP(F11-F$5-(INT($M11/9)+(MOD($M11,9)>=F$6)), '[1]Point System'!$A$4:$B$15, 2),"") | G12: =IF(G11>0, VLOOKUP(G11-G$5-(INT($M11/9)+(MOD($M11,9)>=G$6)), '[1]Point System'!$A$4:$B$15, 2),"") | H12: =IF(H11>0, VLOOKUP(H11-H$5-(INT($M11/9)+(MOD($M11,9)>=H$6)), '[1]Point System'!$A$4:$B$15, 2),"") | I12: =IF(I11>0, VLOOKUP(I11-I$5-(INT($M11/9)+(MOD($M11,9)>=I$6)), '[1]Point System'!$A$4:$B$15, 2),"") | J12: =IF(J11>0, VLOOKUP(J11-J$5-(INT($M11/9)+(MOD($M11,9)>=J$6)), '[1]Point System'!$A$4:$B$15, 2),"") | K12: =IF(K11>0, VLOOKUP(K11-K$5-(INT($M11/9)+(MOD($M11,9)>=K$6)), '[1]Point System'!$A$4:$B$15, 2),"") | L12: =IF(SUM(C12:K12)>0, SUM(C12:K12),"") | O12: =IF(L12<>"", L12, "")
L13: =IF(SUM(C13:K13)>0, SUM(C13:K13),"") | N13: =IF(L13<>"",L13- M13, "")
C14: =IF(C13>0, VLOOKUP(C13-C$5-(INT($M13/9)+(MOD($M13,9)>=C$6)), '[1]Point System'!$A$4:$B$15, 2),"") | D14: =IF(D13>0, VLOOKUP(D13-D$5-(INT($M13/9)+(MOD($M13,9)>=D$6)), '[1]Point System'!$A$4:$B$15, 2),"") | E14: =IF(E13>0, VLOOKUP(E13-E$5-(INT($M13/9)+(MOD($M13,9)>=E$6)), '[1]Point System'!$A$4:$B$15, 2),"") | F14: =IF(F13>0, VLOOKUP(F13-F$5-(INT($M13/9)+(MOD($M13,9)>=F$6)), '[1]Point System'!$A$4:$B$15, 2),"") | G14: =IF(G13>0, VLOOKUP(G13-G$5-(INT($M13/9)+(MOD($M13,9)>=G$6)), '[1]Point System'!$A$4:$B$15, 2),"") | H14: =IF(H13>0, VLOOKUP(H13-H$5-(INT($M13/9)+(MOD($M13,9)>=H$6)), '[1]Point System'!$A$4:$B$15, 2),"") | I14: =IF(I13>0, VLOOKUP(I13-I$5-(INT($M13/9)+(MOD($M13,9)>=I$6)), '[1]Point System'!$A$4:$B$15, 2),"") | J14: =IF(J13>0, VLOOKUP(J13-J$5-(INT($M13/9)+(MOD($M13,9)>=J$6)), '[1]Point System'!$A$4:$B$15, 2),"") | K14: =IF(K13>0, VLOOKUP(K13-K$5-(INT($M13/9)+(MOD($M13,9)>=K$6)), '[1]Point System'!$A$4:$B$15, 2),"") | L14: =IF(SUM(C14:K14)>0, SUM(C14:K14),"") | O14: =IF(L14<>"", L14, "")
L15: =IF(SUM(C15:K15)>0, SUM(C15:K15),"") | N15: =IF(L15<>"",L15- M15, "")
C16: =IF(C15>0, VLOOKUP(C15-C$5-(INT($M15/9)+(MOD($M15,9)>=C$6)), '[1]Point System'!$A$4:$B$15, 2),"") | D16: =IF(D15>0, VLOOKUP(D15-D$5-(INT($M15/9)+(MOD($M15,9)>=D$6)), '[1]Point System'!$A$4:$B$15, 2),"") | E16: =IF(E15>0, VLOOKUP(E15-E$5-(INT($M15/9)+(MOD($M15,9)>=E$6)), '[1]Point System'!$A$4:$B$15, 2),"") | F16: =IF(F15>0, VLOOKUP(F15-F$5-(INT($M15/9)+(MOD($M15,9)>=F$6)), '[1]Point System'!$A$4:$B$15, 2),"") | G16: =IF(G15>0, VLOOKUP(G15-G$5-(INT($M15/9)+(MOD($M15,9)>=G$6)), '[1]Point System'!$A$4:$B$15, 2),"") | H16: =IF(H15>0, VLOOKUP(H15-H$5-(INT($M15/9)+(MOD($M15,9)>=H$6)), '[1]Point System'!$A$4:$B$15, 2),"") | I16: =IF(I15>0, VLOOKUP(I15-I$5-(INT($M15/9)+(MOD($M15,9)>=I$6)), '[1]Point System'!$A$4:$B$15, 2),"") | J16: =IF(J15>0, VLOOKUP(J15-J$5-(INT($M15/9)+(MOD($M15,9)>=J$6)), '[1]Point System'!$A$4:$B$15, 2),"") | K16: =IF(K15>0, VLOOKUP(K15-K$5-(INT($M15/9)+(MOD($M15,9)>=K$6)), '[1]Point System'!$A$4:$B$15, 2),"") | L16: =IF(SUM(C16:K16)>0, SUM(C16:K16),"") | O16: =IF(L16<>"", L16, "")
L17: =IF(SUM(C17:K17)>0, SUM(C17:K17),"") | N17: =IF(L17<>"",L17- M17, "")
C18: =IF(C17>0, VLOOKUP(C17-C$5-(INT($M17/9)+(MOD($M17,9)>=C$6)), '[1]Point System'!$A$4:$B$15, 2),"") | D18: =IF(D17>0, VLOOKUP(D17-D$5-(INT($M17/9)+(MOD($M17,9)>=D$6)), '[1]Point System'!$A$4:$B$15, 2),"") | E18: =IF(E17>0, VLOOKUP(E17-E$5-(INT($M17/9)+(MOD($M17,9)>=E$6)), '[1]Point System'!$A$4:$B$15, 2),"") | F18: =IF(F17>0, VLOOKUP(F17-F$5-(INT($M17/9)+(MOD($M17,9)>=F$6)), '[1]Point System'!$A$4:$B$15, 2),"") | G18: =IF(G17>0, VLOOKUP(G17-G$5-(INT($M17/9)+(MOD($M17,9)>=G$6)), '[1]Point System'!$A$4:$B$15, 2),"") | H18: =IF(H17>0, VLOOKUP(H17-H$5-(INT($M17/9)+(MOD($M17,9)>=H$6)), '[1]Point System'!$A$4:$B$15, 2),"") | I18: =IF(I17>0, VLOOKUP(I17-I$5-(INT($M17/9)+(MOD($M17,9)>=I$6)), '[1]Point System'!$A$4:$B$15, 2),"") | J18: =IF(J17>0, VLOOKUP(J17-J$5-(INT($M17/9)+(MOD($M17,9)>=J$6)), '[1]Point System'!$A$4:$B$15, 2),"") | K18: =IF(K17>0, VLOOKUP(K17-K$5-(INT($M17/9)+(MOD($M17,9)>=K$6)), '[1]Point System'!$A$4:$B$15, 2),"") | L18: =IF(SUM(C18:K18)>0, SUM(C18:K18),"") | O18: =IF(L18<>"", L18, "")
L19: =IF(SUM(C19:K19)>0, SUM(C19:K19),"") | N19: =IF(L19<>"",L19- M19, "")
C20: =IF(C19>0, VLOOKUP(C19-C$5-(INT($M19/9)+(MOD($M19,9)>=C$6)), '[1]Point System'!$A$4:$B$15, 2),"") | D20: =IF(D19>0, VLOOKUP(D19-D$5-(INT($M19/9)+(MOD($M19,9)>=D$6)), '[1]Point System'!$A$4:$B$15, 2),"") | E20: =IF(E19>0, VLOOKUP(E19-E$5-(INT($M19/9)+(MOD($M19,9)>=E$6)), '[1]Point System'!$A$4:$B$15, 2),"") | F20: =IF(F19>0, VLOOKUP(F19-F$5-(INT($M19/9)+(MOD($M19,9)>=F$6)), '[1]Point System'!$A$4:$B$15, 2),"") | G20: =IF(G19>0, VLOOKUP(G19-G$5-(INT($M19/9)+(MOD($M19,9)>=G$6)), '[1]Point System'!$A$4:$B$15, 2),"") | H20: =IF(H19>0, VLOOKUP(H19-H$5-(INT($M19/9)+(MOD($M19,9)>=H$6)), '[1]Point System'!$A$4:$B$15, 2),"") | I20: =IF(I19>0, VLOOKUP(I19-I$5-(INT($M19/9)+(MOD($M19,9)>=I$6)), '[1]Point System'!$A$4:$B$15, 2),"") | J20: =IF(J19>0, VLOOKUP(J19-J$5-(INT($M19/9)+(MOD($M19,9)>=J$6)), '[1]Point System'!$A$4:$B$15, 2),"") | K20: =IF(K19>0, VLOOKUP(K19-K$5-(INT($M19/9)+(MOD($M19,9)>=K$6)), '[1]Point System'!$A$4:$B$15, 2),"") | L20: =IF(SUM(C20:K20)>0, SUM(C20:K20),"") | O20: =IF(L20<>"", L20, "")

Sheet Point System
A1: Instructions: Set your point values here, relative to par for the net score
A3: Net Score relative to Par | B3: Points
A4: -5 | B4: 6
A5: -4 | B5: 6
A6: -3 | B6: 5
A7: -2 | B7: 4
A8: -1 | B8: 3
A9: 0 | B9: 2
A10: 1 | B10: 1
A11: 2 | B11: 0
A12: 3 | B12: 0
A13: 4 | B13: 0
A14: 5 | B14: 0
A15: 6 | B15: 0
A17: Note: Check Wikipedia for standard and modified stableford scoring values:
A18: https://en.wikipedia.org/wiki/Stableford

Sheet Weekly Stats
A1: PLAYERS | C1: 9-HOLE HANDICAP (from 2024) | D1: WEEK 1 | F1: WEEK 2 | H1: WEEK 3 | J1: WEEK 4 | L1: WEEK 5 | N1: Total Strokes | O1: FIRST HALF (11 Rounds) | T1: SECOND HALF (11 Rounds)
D2: 45782 | F2: 45789 | H2: 45796 | J2: 45803 | L2: 45810 | O2: Rounds Played | P2: CTTP Points | Q2: Birdie Points | R2: Total Points | S2: Weekly Point Average | T2: Rounds Played | U2: CTTP Points | V2: Birdie Points | W2: Total Points | X2: Weekly Point Average
D3: Score | E3: Points | F3: Score | G3: Points | H3: Score | I3: Points | J3: Score | K3: Points | L3: Score | M3: Points
A4: Russ | B4: Walters | C4: 22 | F4: 53 | G4: 23 | H4: RAIN OUT | N4: =F4+J4+L4 -> 53 | O4: =COUNTIF(D4:L4,">30") -> 1 | R4: =SUMIF(G4:M4, "<30")+P4+Q4 -> 23 | S4: =R4/O4 -> 23 | X4: `
A5: John | B5: Bess | C5: 15 | D5: RAIN OUT | F5: 42 | G5: 27 | L5: 54 | M5: 15 | N5: =F5+J5+L5 -> 96 | O5: =COUNTIF(D5:L5,">30") -> 2 | R5: =SUMIF(G5:M5, "<30")+P5+Q5 -> 42 | S5: =R5/O5 -> 21
A6: Mark | B6: Young | C6: 13 | F6: 42 | G6: 25 | L6: 51 | M6: 16 | N6: =F6+J6+L6 -> 93 | O6: =COUNTIF(D6:L6,">30") -> 2 | P6: 1 | R6: =SUMIF(G6:M6, "<30")+P6+Q6 -> 42 | S6: =R6/O6 -> 21
A7: Mark | B7: Hutter | C7: 8 | F7: 45 | G7: 17 | L7: 43 | M7: 19 | N7: =F7+J7+L7 -> 88 | O7: =COUNTIF(D7:L7,">30") -> 2 | Q7: 2 | R7: =SUMIF(G7:M7, "<30")+P7+Q7 -> 38 | S7: =R7/O7 -> 19
A8: Ami | B8: Bess | C8: 22 | F8: 59 | G8: 17 | N8: =F8+J8+L8 -> 59 | O8: =COUNTIF(D8:L8,">30") -> 1 | R8: =SUMIF(G8:M8, "<30")+P8+Q8 -> 17 | S8: =R8/O8 -> 17
A9: Randy | B9: Wise | C9: 15 | J9: 52 | K9: 17 | N9: =F9+J9+L9 -> 52 | O9: =COUNTIF(D9:L9,">30") -> 1 | R9: =SUMIF(G9:M9, "<30")+P9+Q9 -> 17 | S9: =R9/O9 -> 17
A10: Shayne | B10: Ige | C10: 21 | F10: 61 | G10: 14 | J10: 56 | K10: 19 | L10: 60 | M10: 15 | N10: =F10+J10+L10 -> 177 | O10: =COUNTIF(D10:L10,">30") -> 3 | P10: 2 | R10: =SUMIF(G10:M10, "<30")+P10+Q10 -> 50 | S10: =R10/O10 -> 16.666667
A11: Karen | B11: Arndt | C11: 18 | F11: 56 | G11: 16 | N11: =F11+J11+L11 -> 56 | O11: =COUNTIF(D11:L11,">30") -> 1 | R11: =SUMIF(G11:M11, "<30")+P11+Q11 -> 16 | S11: =R11/O11 -> 16
A12: Ryan | B12: Miller | C12: 8 | F12: 46 | G12: 16 | N12: =F12+J12+L12 -> 46 | O12: =COUNTIF(D12:L12,">30") -> 1 | R12: =SUMIF(G12:M12, "<30")+P12+Q12 -> 16 | S12: =R12/O12 -> 16
A13: Kevin | B13: Walters | C13: 17 | F13: 55 | G13: 16 | L13: 56 | M13: 15 | N13: =F13+J13+L13 -> 111 | O13: =COUNTIF(D13:L13,">30") -> 2 | R13: =SUMIF(G13:M13, "<30")+P13+Q13 -> 31 | S13: =R13/O13 -> 15.5
A14: Tony | B14: Adkison | C14: 13 | N14: =F14+J14+L14 -> 0 | R14: =SUMIF(G14:M14, "<30")+P14+Q14 -> 0
A15: Jon | B15: Dickey | C15: 2 | N15: =F15+J15+L15 -> 0 | R15: =SUMIF(G15:M15, "<30")+P15+Q15 -> 0
A16: Mike | B16: Guinn | C16: TBD | F16: 51 | N16: =F16+J16+L16 -> 51 | O16: =COUNTIF(D16:L16,">30") -> 1 | R16: =SUMIF(G16:M16, "<30")+P16+Q16 -> 0
A17: Drew | B17: Kandrak | C17: TBD | L17: 50 | N17: =F17+J17+L17 -> 50 | O17: =COUNTIF(D17:L17,">30") -> 1 | R17: =SUMIF(G17:M17, "<30")+P17+Q17 -> 0
A18: Luke | B18: Morgan | C18: TBD | F18: 46 | L18: 46 | N18: =F18+J18+L18 -> 92 | O18: =COUNTIF(D18:L18,">30") -> 2 | R18: =SUMIF(G18:M18, "<30")+P18+Q18 -> 0
A19: Matthew | B19: Shirola | C19: TBD | F19: 41 | N19: =F19+J19+L19 -> 41 | O19: =COUNTIF(D19:L19,">30") -> 1 | R19: =SUMIF(G19:M19, "<30")+P19+Q19 -> 0
A20: Jeff | B20: Vest | C20: 15 | N20: =F20+J20+L20 -> 0 | R20: =SUMIF(G20:M20, "<30")+P20+Q20 -> 0
A21: Mike | B21: White | C21: 11 | R21: =SUMIF(G21:M21, "<30")+P21+Q21 -> 0
F22: =AVERAGEIF(F4:F21,">0") -> 49.75 | J22: =AVERAGEIF(J4:J21,">0") -> 54 | L22: =AVERAGEIF(L4:L21,">0") -> 51.428571
C24: Closest #4 | D24: RED
C25: Closest #7 | D25: GREEN
C26: Closest Both | D26: BLUE

Sheet Week 1
A1: Stableford Scoring System
A2: www.GolfLeagueTracker.com
A4: PLAYER | B4: Hole | C4: 1 | D4: 2 | E4: 3 | F4: 4 | G4: 5 | H4: 6 | I4: 7 | J4: 8 | K4: 9 | L4: OUT | M4: Hdcp | N4: NET | O4: Round Points
B5: PAR | C5: 4 | D5: 5 | E5: 4 | F5: 3 | G5: 4 | H5: 4 | I5: 3 | J5: 4 | K5: 5 | L5: =SUM(C5:K5) -> 36
B6: Handicap | C6: 4 | D6: 1 | E6: 3 | F6: 9 | G6: 5 | H6: 7 | I6: 8 | J6: 6 | K6: 2
B7: Hole Score
B8: Net Points

Sheet Week 2
A1: Stableford Scoring System
A2: www.GolfLeagueTracker.com
A4: PLAYER | B4: Hole | C4: 1 | D4: 2 | E4: 3 | F4: 4 | G4: 5 | H4: 6 | I4: 7 | J4: 8 | K4: 9 | L4: OUT | M4: Hdcp | N4: NET | O4: Round Points
B5: PAR | C5: 4 | D5: 5 | E5: 4 | F5: 3 | G5: 4 | H5: 4 | I5: 3 | J5: 4 | K5: 5 | L5: =SUM(C5:K5) -> 36
B6: Handicap | C6: 4 | D6: 1 | E6: 3 | F6: 9 | G6: 5 | H6: 7 | I6: 8 | J6: 6 | K6: 2
A7: Young, Mark | B7: Hole Score | C7: 5 | D7: 7 | E7: 4 | F7: 4 | G7: 4 | H7: 5 | I7: 3 | J7: 4 | K7: 6 | L7: =IF(SUM(C7:K7)>0, SUM(C7:K7),"") -> 42 | M7: 13 | N7: =IF(L7<>"",L7- M7, "") -> 29
B8: Net Points | C8: =IF(C7>0, VLOOKUP(C7-C$5-(INT($M7/9)+(MOD($M7,9)>=C$6)), '[2]Point System'!$A$4:$B$15, 2),"") -> 3 | D8: =IF(D7>0, VLOOKUP(D7-D$5-(INT($M7/9)+(MOD($M7,9)>=D$6)), '[2]Point System'!$A$4:$B$15, 2),"") -> 2 | E8: =IF(E7>0, VLOOKUP(E7-E$5-(INT($M7/9)+(MOD($M7,9)>=E$6)), '[2]Point System'!$A$4:$B$15, 2),"") -> 4 | F8: =IF(F7>0, VLOOKUP(F7-F$5-(INT($M7/9)+(MOD($M7,9)>=F$6)), '[2]Point System'!$A$4:$B$15, 2),"") -> 2 | G8: =IF(G7>0, VLOOKUP(G7-G$5-(INT($M7/9)+(MOD($M7,9)>=G$6)), '[2]Point System'!$A$4:$B$15, 2),"") -> 3 | H8: =IF(H7>0, VLOOKUP(H7-H$5-(INT($M7/9)+(MOD($M7,9)>=H$6)), '[2]Point System'!$A$4:$B$15, 2),"") -> 2 | I8: =IF(I7>0, VLOOKUP(I7-I$5-(INT($M7/9)+(MOD($M7,9)>=I$6)), '[2]Point System'!$A$4:$B$15, 2),"") -> 3 | J8: =IF(J7>0, VLOOKUP(J7-J$5-(INT($M7/9)+(MOD($M7,9)>=J$6)), '[2]Point System'!$A$4:$B$15, 2),"") -> 3 | K8: =IF(K7>0, VLOOKUP(K7-K$5-(INT($M7/9)+(MOD($M7,9)>=K$6)), '[2]Point System'!$A$4:$B$15, 2),"") -> 3 | L8: =IF(SUM(C8:K8)>0, SUM(C8:K8),"") -> 25 | O8: =IF(L8<>"", L8, "") -> 25
A9: Walters, Russ | C9: 6 | D9: 6 | E9: 7 | F9: 4 | G9: 5 | H9: 7 | I9: 6 | J9: 4 | K9: 8 | L9: =IF(SUM(C9:K9)>0, SUM(C9:K9),"") -> 53 | M9: 22 | N9: =IF(L9<>"",L9- M9, "") -> 31
C10: =IF(C9>0, VLOOKUP(C9-C$5-(INT($M9/9)+(MOD($M9,9)>=C$6)), '[2]Point System'!$A$4:$B$15, 2),"") -> 3 | D10: =IF(D9>0, VLOOKUP(D9-D$5-(INT($M9/9)+(MOD($M9,9)>=D$6)), '[2]Point System'!$A$4:$B$15, 2),"") -> 4 | E10: =IF(E9>0, VLOOKUP(E9-E$5-(INT($M9/9)+(MOD($M9,9)>=E$6)), '[2]Point System'!$A$4:$B$15, 2),"") -> 2 | F10: =IF(F9>0, VLOOKUP(F9-F$5-(INT($M9/9)+(MOD($M9,9)>=F$6)), '[2]Point System'!$A$4:$B$15, 2),"") -> 3 | G10: =IF(G9>0, VLOOKUP(G9-G$5-(INT($M9/9)+(MOD($M9,9)>=G$6)), '[2]Point System'!$A$4:$B$15, 2),"") -> 3 | H10: =IF(H9>0, VLOOKUP(H9-H$5-(INT($M9/9)+(MOD($M9,9)>=H$6)), '[2]Point System'!$A$4:$B$15, 2),"") -> 1 | I10: =IF(I9>0, VLOOKUP(I9-I$5-(INT($M9/9)+(MOD($M9,9)>=I$6)), '[2]Point System'!$A$4:$B$15, 2),"") -> 1 | J10: =IF(J9>0, VLOOKUP(J9-J$5-(INT($M9/9)+(MOD($M9,9)>=J$6)), '[2]Point System'!$A$4:$B$15, 2),"") -> 4 | K10: =IF(K9>0, VLOOKUP(K9-K$5-(INT($M9/9)+(MOD($M9,9)>=K$6)), '[2]Point System'!$A$4:$B$15, 2),"") -> 2 | L10: =IF(SUM(C10:K10)>0, SUM(C10:K10),"") -> 23 | O10: =IF(L10<>"", L10, "") -> 23
A11: Shirola, Matthew | C11: 6 | D11: 5 | E11: 6 | F11: 3 | G11: 5 | H11: 4 | I11: 3 | J11: 4 | K11: 5 | L11: =IF(SUM(C11:K11)>0, SUM(C11:K11),"") -> 41 | M11: TBD
L12: =IF(SUM(C12:K12)>0, SUM(C12:K12),"") | O12: =IF(L12<>"", L12, "")
A13: Miller, Ryan | C13: 7 | D13: 6 | E13: 5 | F13: 4 | G13: 4 | H13: 5 | I13: 4 | J13: 6 | K13: 5 | L13: =IF(SUM(C13:K13)>0, SUM(C13:K13),"") -> 46 | M13: 8 | N13: =IF(L13<>"",L13- M13, "") -> 38
C14: =IF(C13>0, VLOOKUP(C13-C$5-(INT($M13/9)+(MOD($M13,9)>=C$6)), '[2]Point System'!$A$4:$B$15, 2),"") -> 0 | D14: =IF(D13>0, VLOOKUP(D13-D$5-(INT($M13/9)+(MOD($M13,9)>=D$6)), '[2]Point System'!$A$4:$B$15, 2),"") -> 2 | E14: =IF(E13>0, VLOOKUP(E13-E$5-(INT($M13/9)+(MOD($M13,9)>=E$6)), '[2]Point System'!$A$4:$B$15, 2),"") -> 2 | F14: =IF(F13>0, VLOOKUP(F13-F$5-(INT($M13/9)+(MOD($M13,9)>=F$6)), '[2]Point System'!$A$4:$B$15, 2),"") -> 1 | G14: =IF(G13>0, VLOOKUP(G13-G$5-(INT($M13/9)+(MOD($M13,9)>=G$6)), '[2]Point System'!$A$4:$B$15, 2),"") -> 3 | H14: =IF(H13>0, VLOOKUP(H13-H$5-(INT($M13/9)+(MOD($M13,9)>=H$6)), '[2]Point System'!$A$4:$B$15, 2),"") -> 2 | I14: =IF(I13>0, VLOOKUP(I13-I$5-(INT($M13/9)+(MOD($M13,9)>=I$6)), '[2]Point System'!$A$4:$B$15, 2),"") -> 2 | J14: =IF(J13>0, VLOOKUP(J13-J$5-(INT($M13/9)+(MOD($M13,9)>=J$6)), '[2]Point System'!$A$4:$B$15, 2),"") -> 1 | K14: =IF(K13>0, VLOOKUP(K13-K$5-(INT($M13/9)+(MOD($M13,9)>=K$6)), '[2]Point System'!$A$4:$B$15, 2),"") -> 3 | L14: =IF(SUM(C14:K14)>0, SUM(C14:K14),"") -> 16 | O14: =IF(L14<>"", L14, "") -> 16
A15: Walters, Kevin | C15: 7 | D15: 7 | E15: 5 | F15: 4 | G15: 6 | H15: 5 | I15: 5 | J15: 8 | K15: 8 | L15: =IF(SUM(C15:K15)>0, SUM(C15:K15),"") -> 55 | M15: 17 | N15: =IF(L15<>"",L15- M15, "") -> 38
C16: =IF(C15>0, VLOOKUP(C15-C$5-(INT($M15/9)+(MOD($M15,9)>=C$6)), '[2]Point System'!$A$4:$B$15, 2),"") -> 1 | D16: =IF(D15>0, VLOOKUP(D15-D$5-(INT($M15/9)+(MOD($M15,9)>=D$6)), '[2]Point System'!$A$4:$B$15, 2),"") -> 2 | E16: =IF(E15>0, VLOOKUP(E15-E$5-(INT($M15/9)+(MOD($M15,9)>=E$6)), '[2]Point System'!$A$4:$B$15, 2),"") -> 3 | F16: =IF(F15>0, VLOOKUP(F15-F$5-(INT($M15/9)+(MOD($M15,9)>=F$6)), '[2]Point System'!$A$4:$B$15, 2),"") -> 2 | G16: =IF(G15>0, VLOOKUP(G15-G$5-(INT($M15/9)+(MOD($M15,9)>=G$6)), '[2]Point System'!$A$4:$B$15, 2),"") -> 2 | H16: =IF(H15>0, VLOOKUP(H15-H$5-(INT($M15/9)+(MOD($M15,9)>=H$6)), '[2]Point System'!$A$4:$B$15, 2),"") -> 3 | I16: =IF(I15>0, VLOOKUP(I15-I$5-(INT($M15/9)+(MOD($M15,9)>=I$6)), '[2]Point System'!$A$4:$B$15, 2),"") -> 2 | J16: =IF(J15>0, VLOOKUP(J15-J$5-(INT($M15/9)+(MOD($M15,9)>=J$6)), '[2]Point System'!$A$4:$B$15, 2),"") -> 0 | K16: =IF(K15>0, VLOOKUP(K15-K$5-(INT($M15/9)+(MOD($M15,9)>=K$6)), '[2]Point System'!$A$4:$B$15, 2),"") -> 1 | L16: =IF(SUM(C16:K16)>0, SUM(C16:K16),"") -> 16 | O16: =IF(L16<>"", L16, "") -> 16
A17: Ige, Shayne | C17: 8 | D17: 8 | E17: 7 | F17: 5 | G17: 7 | H17: 5 | I17: 6 | J17: 6 | K17: 9 | L17: =IF(SUM(C17:K17)>0, SUM(C17:K17),"") -> 61 | M17: 21 | N17: =IF(L17<>"",L17- M17, "") -> 40
C18: =IF(C17>0, VLOOKUP(C17-C$5-(INT($M17/9)+(MOD($M17,9)>=C$6)), '[2]Point System'!$A$4:$B$15, 2),"") -> 0 | D18: =IF(D17>0, VLOOKUP(D17-D$5-(INT($M17/9)+(MOD($M17,9)>=D$6)), '[2]Point System'!$A$4:$B$15, 2),"") -> 2 | E18: =IF(E17>0, VLOOKUP(E17-E$5-(INT($M17/9)+(MOD($M17,9)>=E$6)), '[2]Point System'!$A$4:$B$15, 2),"") -> 2 | F18: =IF(F17>0, VLOOKUP(F17-F$5-(INT($M17/9)+(MOD($M17,9)>=F$6)), '[2]Point System'!$A$4:$B$15, 2),"") -> 2 | G18: =IF(G17>0, VLOOKUP(G17-G$5-(INT($M17/9)+(MOD($M17,9)>=G$6)), '[2]Point System'!$A$4:$B$15, 2),"") -> 1 | H18: =IF(H17>0, VLOOKUP(H17-H$5-(INT($M17/9)+(MOD($M17,9)>=H$6)), '[2]Point System'!$A$4:$B$15, 2),"") -> 3 | I18: =IF(I17>0, VLOOKUP(I17-I$5-(INT($M17/9)+(MOD($M17,9)>=I$6)), '[2]Point System'!$A$4:$B$15, 2),"") -> 1 | J18: =IF(J17>0, VLOOKUP(J17-J$5-(INT($M17/9)+(MOD($M17,9)>=J$6)), '[2]Point System'!$A$4:$B$15, 2),"") -> 2 | K18: =IF(K17>0, VLOOKUP(K17-K$5-(INT($M17/9)+(MOD($M17,9)>=K$6)), '[2]Point System'!$A$4:$B$15, 2),"") -> 1 | L18: =IF(SUM(C18:K18)>0, SUM(C18:K18),"") -> 14 | O18: =IF(L18<>"", L18, "") -> 14
A19: Bess, John | C19: 7 | D19: 6 | E19: 5 | F19: 3 | G19: 4 | H19: 5 | I19: 4 | J19: 3 | K19: 5 | L19: =IF(SUM(C19:K19)>0, SUM(C19:K19),"") -> 42 | M19: 15 | N19: =IF(L19<>"",L19- M19, "") -> 27
C20: =IF(C19>0, VLOOKUP(C19-C$5-(INT($M19/9)+(MOD($M19,9)>=C$6)), '[2]Point System'!$A$4:$B$15, 2),"") -> 1 | D20: =IF(D19>0, VLOOKUP(D19-D$5-(INT($M19/9)+(MOD($M19,9)>=D$6)), '[2]Point System'!$A$4:$B$15, 2),"") -> 3 | E20: =IF(E19>0, VLOOKUP(E19-E$5-(INT($M19/9)+(MOD($M19,9)>=E$6)), '[2]Point System'!$A$4:$B$15, 2),"") -> 3 | F20: =IF(F19>0, VLOOKUP(F19-F$5-(INT($M19/9)+(MOD($M19,9)>=F$6)), '[2]Point System'!$A$4:$B$15, 2),"") -> 3 | G20: =IF(G19>0, VLOOKUP(G19-G$5-(INT($M19/9)+(MOD($M19,9)>=G$6)), '[2]Point System'!$A$4:$B$15, 2),"") -> 4 | H20: =IF(H19>0, VLOOKUP(H19-H$5-(INT($M19/9)+(MOD($M19,9)>=H$6)), '[2]Point System'!$A$4:$B$15, 2),"") -> 2 | I20: =IF(I19>0, VLOOKUP(I19-I$5-(INT($M19/9)+(MOD($M19,9)>=I$6)), '[2]Point System'!$A$4:$B$15, 2),"") -> 2 | J20: =IF(J19>0, VLOOKUP(J19-J$5-(INT($M19/9)+(MOD($M19,9)>=J$6)), '[2]Point System'!$A$4:$B$15, 2),"") -> 5 | K20: =IF(K19>0, VLOOKUP(K19-K$5-(INT($M19/9)+(MOD($M19,9)>=K$6)), '[2]Point System'!$A$4:$B$15, 2),"") -> 4 | L20: =IF(SUM(C20:K20)>0, SUM(C20:K20),"") -> 27 | O20: =IF(L20<>"", L20, "") -> 27
A21: Bess, Ami | C21: 6 | D21: 8 | E21: 6 | F21: 6 | G21: 7 | H21: 7 | I21: 7 | J21: 6 | K21: 6 | L21: =IF(SUM(C21:K21)>0, SUM(C21:K21),"") -> 59 | M21: 22 | N21: =IF(L21<>"",L21- M21, "") -> 37
C22: =IF(C21>0, VLOOKUP(C21-C$5-(INT($M21/9)+(MOD($M21,9)>=C$6)), '[1]Point System'!$A$4:$B$15, 2),"") -> 3 | D22: =IF(D21>0, VLOOKUP(D21-D$5-(INT($M21/9)+(MOD($M21,9)>=D$6)), '[1]Point System'!$A$4:$B$15, 2),"") -> 2 | E22: =IF(E21>0, VLOOKUP(E21-E$5-(INT($M21/9)+(MOD($M21,9)>=E$6)), '[1]Point System'!$A$4:$B$15, 2),"") -> 3 | F22: =IF(F21>0, VLOOKUP(F21-F$5-(INT($M21/9)+(MOD($M21,9)>=F$6)), '[1]Point System'!$A$4:$B$15, 2),"") -> 1 | G22: =IF(G21>0, VLOOKUP(G21-G$5-(INT($M21/9)+(MOD($M21,9)>=G$6)), '[1]Point System'!$A$4:$B$15, 2),"") -> 1 | H22: =IF(H21>0, VLOOKUP(H21-H$5-(INT($M21/9)+(MOD($M21,9)>=H$6)), '[1]Point System'!$A$4:$B$15, 2),"") -> 1 | I22: =IF(I21>0, VLOOKUP(I21-I$5-(INT($M21/9)+(MOD($M21,9)>=I$6)), '[1]Point System'!$A$4:$B$15, 2),"") -> 0 | J22: =IF(J21>0, VLOOKUP(J21-J$5-(INT($M21/9)+(MOD($M21,9)>=J$6)), '[1]Point System'!$A$4:$B$15, 2),"") -> 2 | K22: =IF(K21>0, VLOOKUP(K21-K$5-(INT($M21/9)+(MOD($M21,9)>=K$6)), '[1]Point System'!$A$4:$B$15, 2),"") -> 4 | L22: =IF(SUM(C22:K22)>0, SUM(C22:K22),"") -> 17 | O22: =IF(L22<>"", L22, "") -> 17
A23: Arndt, Karen | C23: 5 | D23: 8 | E23: 8 | F23: 6 | G23: 4 | H23: 6 | I23: 6 | J23: 6 | K23: 7 | L23: =IF(SUM(C23:K23)>0, SUM(C23:K23),"") -> 56 | M23: 18 | N23: =IF(L23<>"",L23- M23, "") -> 38
C24: =IF(C23>0, VLOOKUP(C23-C$5-(INT($M23/9)+(MOD($M23,9)>=C$6)), '[1]Point System'!$A$4:$B$15, 2),"") -> 3 | D24: =IF(D23>0, VLOOKUP(D23-D$5-(INT($M23/9)+(MOD($M23,9)>=D$6)), '[1]Point System'!$A$4:$B$15, 2),"") -> 1 | E24: =IF(E23>0, VLOOKUP(E23-E$5-(INT($M23/9)+(MOD($M23,9)>=E$6)), '[1]Point System'!$A$4:$B$15, 2),"") -> 0 | F24: =IF(F23>0, VLOOKUP(F23-F$5-(INT($M23/9)+(MOD($M23,9)>=F$6)), '[1]Point System'!$A$4:$B$15, 2),"") -> 1 | G24: =IF(G23>0, VLOOKUP(G23-G$5-(INT($M23/9)+(MOD($M23,9)>=G$6)), '[1]Point System'!$A$4:$B$15, 2),"") -> 4 | H24: =IF(H23>0, VLOOKUP(H23-H$5-(INT($M23/9)+(MOD($M23,9)>=H$6)), '[1]Point System'!$A$4:$B$15, 2),"") -> 2 | I24: =IF(I23>0, VLOOKUP(I23-I$5-(INT($M23/9)+(MOD($M23,9)>=I$6)), '[1]Point System'!$A$4:$B$15, 2),"") -> 1 | J24: =IF(J23>0, VLOOKUP(J23-J$5-(INT($M23/9)+(MOD($M23,9)>=J$6)), '[1]Point System'!$A$4:$B$15, 2),"") -> 2 | K24: =IF(K23>0, VLOOKUP(K23-K$5-(INT($M23/9)+(MOD($M23,9)>=K$6)), '[1]Point System'!$A$4:$B$15, 2),"") -> 2 | L24: =IF(SUM(C24:K24)>0, SUM(C24:K24),"") -> 16 | O24: =IF(L24<>"", L24, "") -> 16
A25: Morgan, Luke | C25: 5 | D25: 5 | E25: 5 | F25: 4 | G25: 5 | H25: 6 | I25: 5 | J25: 5 | K25: 6 | L25: =IF(SUM(C25:K25)>0, SUM(C25:K25),"") -> 46 | M25: TBD
L26: =IF(SUM(C26:K26)>0, SUM(C26:K26),"") | O26: =IF(L26<>"", L26, "")
A27: Guinn, Mike | C27: 5 | D27: 6 | E27: 7 | F27: 4 | G27: 6 | H27: 6 | I27: 5 | J27: 5 | K27: 7 | L27: =IF(SUM(C27:K27)>0, SUM(C27:K27),"") -> 51 | M27: TBD
O28: =IF(L28<>"", L28, "")
A29: Hutter, Mark | C29: 5 | D29: 8 | E29: 6 | F29: 5 | G29: 4 | H29: 5 | I29: 4 | J29: 4 | K29: 4 | L29: =IF(SUM(C29:K29)>0, SUM(C29:K29),"") -> 45 | M29: 8 | N29: =IF(L29<>"",L29- M29, "") -> 37
C30: =IF(C29>0, VLOOKUP(C29-C$5-(INT($M29/9)+(MOD($M29,9)>=C$6)), '[1]Point System'!$A$4:$B$15, 2),"") -> 2 | D30: =IF(D29>0, VLOOKUP(D29-D$5-(INT($M29/9)+(MOD($M29,9)>=D$6)), '[1]Point System'!$A$4:$B$15, 2),"") -> 0 | E30: =IF(E29>0, VLOOKUP(E29-E$5-(INT($M29/9)+(MOD($M29,9)>=E$6)), '[1]Point System'!$A$4:$B$15, 2),"") -> 1 | F30: =IF(F29>0, VLOOKUP(F29-F$5-(INT($M29/9)+(MOD($M29,9)>=F$6)), '[1]Point System'!$A$4:$B$15, 2),"") -> 0 | G30: =IF(G29>0, VLOOKUP(G29-G$5-(INT($M29/9)+(MOD($M29,9)>=G$6)), '[1]Point System'!$A$4:$B$15, 2),"") -> 3 | H30: =IF(H29>0, VLOOKUP(H29-H$5-(INT($M29/9)+(MOD($M29,9)>=H$6)), '[1]Point System'!$A$4:$B$15, 2),"") -> 2 | I30: =IF(I29>0, VLOOKUP(I29-I$5-(INT($M29/9)+(MOD($M29,9)>=I$6)), '[1]Point System'!$A$4:$B$15, 2),"") -> 2 | J30: =IF(J29>0, VLOOKUP(J29-J$5-(INT($M29/9)+(MOD($M29,9)>=J$6)), '[1]Point System'!$A$4:$B$15, 2),"") -> 3 | K30: =IF(K29>0, VLOOKUP(K29-K$5-(INT($M29/9)+(MOD($M29,9)>=K$6)), '[1]Point System'!$A$4:$B$15, 2),"") -> 4 | L30: =IF(SUM(C30:K30)>0, SUM(C30:K30),"") -> 17 | O30: =IF(L30<>"", L30, "") -> 17

Sheet Week 3
A1: Stableford Scoring System
A2: www.GolfLeagueTracker.com
A4: PLAYER | B4: Hole | C4: 1 | D4: 2 | E4: 3 | F4: 4 | G4: 5 | H4: 6 | I4: 7 | J4: 8 | K4: 9 | L4: OUT | M4: Hdcp | N4: NET | O4: Round Points
B5: PAR | C5: 4 | D5: 5 | E5: 4 | F5: 3 | G5: 4 | H5: 4 | I5: 3 | J5: 4 | K5: 5 | L5: =SUM(C5:K5) -> 36
B6: Handicap | C6: 4 | D6: 1 | E6: 3 | F6: 9 | G6: 5 | H6: 7 | I6: 8 | J6: 6 | K6: 2
B7: Hole Score
B8: Net Points

Sheet Week 4
A1: Stableford Scoring System
A2: www.GolfLeagueTracker.com
A4: PLAYER | B4: Hole | C4: 1 | D4: 2 | E4: 3 | F4: 4 | G4: 5 | H4: 6 | I4: 7 | J4: 8 | K4: 9 | L4: OUT | M4: Hdcp | N4: NET | O4: Round Points
B5: PAR | C5: 4 | D5: 5 | E5: 4 | F5: 3 | G5: 4 | H5: 4 | I5: 3 | J5: 4 | K5: 5 | L5: =SUM(C5:K5) -> 36
B6: Handicap | C6: 4 | D6: 1 | E6: 3 | F6: 9 | G6: 5 | H6: 7 | I6: 8 | J6: 6 | K6: 2
A7: Ige, Shayne | B7: Hole Score | C7: 7 | D7: 6 | E7: 6 | F7: 3 | G7: 7 | H7: 8 | I7: 4 | J7: 6 | K7: 9 | L7: =IF(SUM(C7:K7)>0, SUM(C7:K7),"") -> 56 | M7: 21 | N7: =IF(L7<>"",L7- M7, "") -> 35
B8: Net Points | C8: =IF(C7>0, VLOOKUP(C7-C$5-(INT($M7/9)+(MOD($M7,9)>=C$6)), 'Point System'!$A$4:$B$15, 2),"") -> 1 | D8: =IF(D7>0, VLOOKUP(D7-D$5-(INT($M7/9)+(MOD($M7,9)>=D$6)), 'Point System'!$A$4:$B$15, 2),"") -> 4 | E8: =IF(E7>0, VLOOKUP(E7-E$5-(INT($M7/9)+(MOD($M7,9)>=E$6)), 'Point System'!$A$4:$B$15, 2),"") -> 3 | F8: =IF(F7>0, VLOOKUP(F7-F$5-(INT($M7/9)+(MOD($M7,9)>=F$6)), 'Point System'!$A$4:$B$15, 2),"") -> 4 | G8: =IF(G7>0, VLOOKUP(G7-G$5-(INT($M7/9)+(MOD($M7,9)>=G$6)), 'Point System'!$A$4:$B$15, 2),"") -> 1 | H8: =IF(H7>0, VLOOKUP(H7-H$5-(INT($M7/9)+(MOD($M7,9)>=H$6)), 'Point System'!$A$4:$B$15, 2),"") -> 0 | I8: =IF(I7>0, VLOOKUP(I7-I$5-(INT($M7/9)+(MOD($M7,9)>=I$6)), 'Point System'!$A$4:$B$15, 2),"") -> 3 | J8: =IF(J7>0, VLOOKUP(J7-J$5-(INT($M7/9)+(MOD($M7,9)>=J$6)), 'Point System'!$A$4:$B$15, 2),"") -> 2 | K8: =IF(K7>0, VLOOKUP(K7-K$5-(INT($M7/9)+(MOD($M7,9)>=K$6)), 'Point System'!$A$4:$B$15, 2),"") -> 1 | L8: =IF(SUM(C8:K8)>0, SUM(C8:K8),"") -> 19 | O8: =IF(L8<>"", L8, "") -> 19
A9: Wise, Randy | C9: 6 | D9: 6 | E9: 6 | F9: 4 | G9: 6 | H9: 7 | I9: 4 | J9: 6 | K9: 7 | L9: =IF(SUM(C9:K9)>0, SUM(C9:K9),"") -> 52 | M9: 15 | N9: =IF(L9<>"",L9- M9, "") -> 37
C10: =IF(C9>0, VLOOKUP(C9-C$5-(INT($M9/9)+(MOD($M9,9)>=C$6)), 'Point System'!$A$4:$B$15, 2),"") -> 2 | D10: =IF(D9>0, VLOOKUP(D9-D$5-(INT($M9/9)+(MOD($M9,9)>=D$6)), 'Point System'!$A$4:$B$15, 2),"") -> 3 | E10: =IF(E9>0, VLOOKUP(E9-E$5-(INT($M9/9)+(MOD($M9,9)>=E$6)), 'Point System'!$A$4:$B$15, 2),"") -> 2 | F10: =IF(F9>0, VLOOKUP(F9-F$5-(INT($M9/9)+(MOD($M9,9)>=F$6)), 'Point System'!$A$4:$B$15, 2),"") -> 2 | G10: =IF(G9>0, VLOOKUP(G9-G$5-(INT($M9/9)+(MOD($M9,9)>=G$6)), 'Point System'!$A$4:$B$15, 2),"") -> 2 | H10: =IF(H9>0, VLOOKUP(H9-H$5-(INT($M9/9)+(MOD($M9,9)>=H$6)), 'Point System'!$A$4:$B$15, 2),"") -> 0 | I10: =IF(I9>0, VLOOKUP(I9-I$5-(INT($M9/9)+(MOD($M9,9)>=I$6)), 'Point System'!$A$4:$B$15, 2),"") -> 2 | J10: =IF(J9>0, VLOOKUP(J9-J$5-(INT($M9/9)+(MOD($M9,9)>=J$6)), 'Point System'!$A$4:$B$15, 2),"") -> 2 | K10: =IF(K9>0, VLOOKUP(K9-K$5-(INT($M9/9)+(MOD($M9,9)>=K$6)), 'Point System'!$A$4:$B$15, 2),"") -> 2 | L10: =IF(SUM(C10:K10)>0, SUM(C10:K10),"") -> 17 | O10: =IF(L10<>"", L10, "") -> 17

Sheet Week 5
A1: Stableford Scoring System
A2: www.GolfLeagueTracker.com
A4: PLAYER | B4: Hole | C4: 1 | D4: 2 | E4: 3 | F4: 4 | G4: 5 | H4: 6 | I4: 7 | J4: 8 | K4: 9 | L4: OUT | M4: Hdcp | N4: NET | O4: Round Points
B5: PAR | C5: 4 | D5: 5 | E5: 4 | F5: 3 | G5: 4 | H5: 4 | I5: 3 | J5: 4 | K5: 5 | L5: =SUM(C5:K5) -> 36
B6: Handicap | C6: 4 | D6: 1 | E6: 3 | F6: 9 | G6: 5 | H6: 7 | I6: 8 | J6: 6 | K6: 2
A7: Ige, Shayne | B7: Hole Score | C7: 6 | D7: 8 | E7: 8 | F7: 6 | G7: 7 | H7: 5 | I7: 5 | J7: 7 | K7: 8 | L7: =IF(SUM(C7:K7)>0, SUM(C7:K7),"") -> 60 | M7: 21 | N7: =IF(L7<>"",L7- M7, "") -> 39
B8: Net Points | C8: =IF(C7>0, VLOOKUP(C7-C$5-(INT($M7/9)+(MOD($M7,9)>=C$6)), '[2]Point System'!$A$4:$B$15, 2),"") -> 2 | D8: =IF(D7>0, VLOOKUP(D7-D$5-(INT($M7/9)+(MOD($M7,9)>=D$6)), '[2]Point System'!$A$4:$B$15, 2),"") -> 2 | E8: =IF(E7>0, VLOOKUP(E7-E$5-(INT($M7/9)+(MOD($M7,9)>=E$6)), '[2]Point System'!$A$4:$B$15, 2),"") -> 1 | F8: =IF(F7>0, VLOOKUP(F7-F$5-(INT($M7/9)+(MOD($M7,9)>=F$6)), '[2]Point System'!$A$4:$B$15, 2),"") -> 1 | G8: =IF(G7>0, VLOOKUP(G7-G$5-(INT($M7/9)+(MOD($M7,9)>=G$6)), '[2]Point System'!$A$4:$B$15, 2),"") -> 1 | H8: =IF(H7>0, VLOOKUP(H7-H$5-(INT($M7/9)+(MOD($M7,9)>=H$6)), '[2]Point System'!$A$4:$B$15, 2),"") -> 3 | I8: =IF(I7>0, VLOOKUP(I7-I$5-(INT($M7/9)+(MOD($M7,9)>=I$6)), '[2]Point System'!$A$4:$B$15, 2),"") -> 2 | J8: =IF(J7>0, VLOOKUP(J7-J$5-(INT($M7/9)+(MOD($M7,9)>=J$6)), '[2]Point System'!$A$4:$B$15, 2),"") -> 1 | K8: =IF(K7>0, VLOOKUP(K7-K$5-(INT($M7/9)+(MOD($M7,9)>=K$6)), '[2]Point System'!$A$4:$B$15, 2),"") -> 2 | L8: =IF(SUM(C8:K8)>0, SUM(C8:K8),"") -> 15 | O8: =IF(L8<>"", L8, "") -> 15
A9: Walters, Kevin | C9: 7 | D9: 8 | E9: 7 | F9: 4 | G9: 6 | H9: 7 | I9: 5 | J9: 4 | K9: 8 | L9: =IF(SUM(C9:K9)>0, SUM(C9:K9),"") -> 56 | M9: 17 | N9: =IF(L9<>"",L9- M9, "") -> 39
C10: =IF(C9>0, VLOOKUP(C9-C$5-(INT($M9/9)+(MOD($M9,9)>=C$6)), '[2]Point System'!$A$4:$B$15, 2),"") -> 1 | D10: =IF(D9>0, VLOOKUP(D9-D$5-(INT($M9/9)+(MOD($M9,9)>=D$6)), '[2]Point System'!$A$4:$B$15, 2),"") -> 1 | E10: =IF(E9>0, VLOOKUP(E9-E$5-(INT($M9/9)+(MOD($M9,9)>=E$6)), '[2]Point System'!$A$4:$B$15, 2),"") -> 1 | F10: =IF(F9>0, VLOOKUP(F9-F$5-(INT($M9/9)+(MOD($M9,9)>=F$6)), '[2]Point System'!$A$4:$B$15, 2),"") -> 2 | G10: =IF(G9>0, VLOOKUP(G9-G$5-(INT($M9/9)+(MOD($M9,9)>=G$6)), '[2]Point System'!$A$4:$B$15, 2),"") -> 2 | H10: =IF(H9>0, VLOOKUP(H9-H$5-(INT($M9/9)+(MOD($M9,9)>=H$6)), '[2]Point System'!$A$4:$B$15, 2),"") -> 1 | I10: =IF(I9>0, VLOOKUP(I9-I$5-(INT($M9/9)+(MOD($M9,9)>=I$6)), '[2]Point System'!$A$4:$B$15, 2),"") -> 2 | J10: =IF(J9>0, VLOOKUP(J9-J$5-(INT($M9/9)+(MOD($M9,9)>=J$6)), '[2]Point System'!$A$4:$B$15, 2),"") -> 4 | K10: =IF(K9>0, VLOOKUP(K9-K$5-(INT($M9/9)+(MOD($M9,9)>=K$6)), '[2]Point System'!$A$4:$B$15, 2),"") -> 1 | L10: =IF(SUM(C10:K10)>0, SUM(C10:K10),"") -> 15 | O10: =IF(L10<>"", L10, "") -> 15
A11: Kandrak, Drew | C11: 6 | D11: 6 | E11: 5 | F11: 4 | G11: 6 | H11: 5 | I11: 5 | J11: 5 | K11: 8 | L11: =IF(SUM(C11:K11)>0, SUM(C11:K11),"") -> 50 | M11: TBD
L12: =IF(SUM(C12:K12)>0, SUM(C12:K12),"") | O12: =IF(L12<>"", L12, "")
A13: Bess, John | C13: 8 | D13: 6 | E13: 6 | F13: 4 | G13: 6 | H13: 6 | I13: 4 | J13: 6 | K13: 8 | L13: =IF(SUM(C13:K13)>0, SUM(C13:K13),"") -> 54 | M13: 15 | N13: =IF(L13<>"",L13- M13, "") -> 39
C14: =IF(C13>0, VLOOKUP(C13-C$5-(INT($M13/9)+(MOD($M13,9)>=C$6)), '[2]Point System'!$A$4:$B$15, 2),"") -> 0 | D14: =IF(D13>0, VLOOKUP(D13-D$5-(INT($M13/9)+(MOD($M13,9)>=D$6)), '[2]Point System'!$A$4:$B$15, 2),"") -> 3 | E14: =IF(E13>0, VLOOKUP(E13-E$5-(INT($M13/9)+(MOD($M13,9)>=E$6)), '[2]Point System'!$A$4:$B$15, 2),"") -> 2 | F14: =IF(F13>0, VLOOKUP(F13-F$5-(INT($M13/9)+(MOD($M13,9)>=F$6)), '[2]Point System'!$A$4:$B$15, 2),"") -> 2 | G14: =IF(G13>0, VLOOKUP(G13-G$5-(INT($M13/9)+(MOD($M13,9)>=G$6)), '[2]Point System'!$A$4:$B$15, 2),"") -> 2 | H14: =IF(H13>0, VLOOKUP(H13-H$5-(INT($M13/9)+(MOD($M13,9)>=H$6)), '[2]Point System'!$A$4:$B$15, 2),"") -> 1 | I14: =IF(I13>0, VLOOKUP(I13-I$5-(INT($M13/9)+(MOD($M13,9)>=I$6)), '[2]Point System'!$A$4:$B$15, 2),"") -> 2 | J14: =IF(J13>0, VLOOKUP(J13-J$5-(INT($M13/9)+(MOD($M13,9)>=J$6)), '[2]Point System'!$A$4:$B$15, 2),"") -> 2 | K14: =IF(K13>0, VLOOKUP(K13-K$5-(INT($M13/9)+(MOD($M13,9)>=K$6)), '[2]Point System'!$A$4:$B$15, 2),"") -> 1 | L14: =IF(SUM(C14:K14)>0, SUM(C14:K14),"") -> 15 | O14: =IF(L14<>"", L14, "") -> 15
A15: Hutter, Mark | C15: 4 | D15: 6 | E15: 5 | F15: 3 | G15: 5 | H15: 7 | I15: 3 | J15: 6 | K15: 4 | L15: =IF(SUM(C15:K15)>0, SUM(C15:K15),"") -> 43 | M15: 8 | N15: =IF(L15<>"",L15- M15, "") -> 35
C16: =IF(C15>0, VLOOKUP(C15-C$5-(INT($M15/9)+(MOD($M15,9)>=C$6)), '[2]Point System'!$A$4:$B$15, 2),"") -> 3 | D16: =IF(D15>0, VLOOKUP(D15-D$5-(INT($M15/9)+(MOD($M15,9)>=D$6)), '[2]Point System'!$A$4:$B$15, 2),"") -> 2 | E16: =IF(E15>0, VLOOKUP(E15-E$5-(INT($M15/9)+(MOD($M15,9)>=E$6)), '[2]Point System'!$A$4:$B$15, 2),"") -> 2 | F16: =IF(F15>0, VLOOKUP(F15-F$5-(INT($M15/9)+(MOD($M15,9)>=F$6)), '[2]Point System'!$A$4:$B$15, 2),"") -> 2 | G16: =IF(G15>0, VLOOKUP(G15-G$5-(INT($M15/9)+(MOD($M15,9)>=G$6)), '[2]Point System'!$A$4:$B$15, 2),"") -> 2 | H16: =IF(H15>0, VLOOKUP(H15-H$5-(INT($M15/9)+(MOD($M15,9)>=H$6)), '[2]Point System'!$A$4:$B$15, 2),"") -> 0 | I16: =IF(I15>0, VLOOKUP(I15-I$5-(INT($M15/9)+(MOD($M15,9)>=I$6)), '[2]Point System'!$A$4:$B$15, 2),"") -> 3 | J16: =IF(J15>0, VLOOKUP(J15-J$5-(INT($M15/9)+(MOD($M15,9)>=J$6)), '[2]Point System'!$A$4:$B$15, 2),"") -> 1 | K16: =IF(K15>0, VLOOKUP(K15-K$5-(INT($M15/9)+(MOD($M15,9)>=K$6)), '[2]Point System'!$A$4:$B$15, 2),"") -> 4 | L16: =IF(SUM(C16:K16)>0, SUM(C16:K16),"") -> 19 | O16: =IF(L16<>"", L16, "") -> 19
A17: Morgan, Luke | C17: 5 | D17: 6 | E17: 6 | F17: 5 | G17: 5 | H17: 5 | I17: 5 | J17: 4 | K17: 5 | L17: =IF(SUM(C17:K17)>0, SUM(C17:K17),"") -> 46 | M17: TBD
L18: =IF(SUM(C18:K18)>0, SUM(C18:K18),"") | O18: =IF(L18<>"", L18, "")
A19: Young, Mark | C19: 5 | D19: 7 | E19: 5 | F19: 4 | G19: 7 | H19: 6 | I19: 4 | J19: 5 | K19: 8 | L19: =IF(SUM(C19:K19)>0, SUM(C19:K19),"") -> 51 | M19: 13 | N19: =IF(L19<>"",L19- M19, "") -> 38
C20: =IF(C19>0, VLOOKUP(C19-C$5-(INT($M19/9)+(MOD($M19,9)>=C$6)), '[2]Point System'!$A$4:$B$15, 2),"") -> 3 | D20: =IF(D19>0, VLOOKUP(D19-D$5-(INT($M19/9)+(MOD($M19,9)>=D$6)), '[2]Point System'!$A$4:$B$15, 2),"") -> 2 | E20: =IF(E19>0, VLOOKUP(E19-E$5-(INT($M19/9)+(MOD($M19,9)>=E$6)), '[2]Point System'!$A$4:$B$15, 2),"") -> 3 | F20: =IF(F19>0, VLOOKUP(F19-F$5-(INT($M19/9)+(MOD($M19,9)>=F$6)), '[2]Point System'!$A$4:$B$15, 2),"") -> 2 | G20: =IF(G19>0, VLOOKUP(G19-G$5-(INT($M19/9)+(MOD($M19,9)>=G$6)), '[2]Point System'!$A$4:$B$15, 2),"") -> 0 | H20: =IF(H19>0, VLOOKUP(H19-H$5-(INT($M19/9)+(MOD($M19,9)>=H$6)), '[2]Point System'!$A$4:$B$15, 2),"") -> 1 | I20: =IF(I19>0, VLOOKUP(I19-I$5-(INT($M19/9)+(MOD($M19,9)>=I$6)), '[2]Point System'!$A$4:$B$15, 2),"") -> 2 | J20: =IF(J19>0, VLOOKUP(J19-J$5-(INT($M19/9)+(MOD($M19,9)>=J$6)), '[2]Point System'!$A$4:$B$15, 2),"") -> 2 | K20: =IF(K19>0, VLOOKUP(K19-K$5-(INT($M19/9)+(MOD($M19,9)>=K$6)), '[2]Point System'!$A$4:$B$15, 2),"") -> 1 | L20: =IF(SUM(C20:K20)>0, SUM(C20:K20),"") -> 16 | O20: =IF(L20<>"", L20, "") -> 16
